"User_ID","UTC_Time","Account","Operation","Coin","Change","Remark"
"1037114508","2024-12-01 01:09:20","Funding","Crypto Box","USDT","0.03290872","Binance Pay"
"1037114508","2024-12-01 01:37:14","Spot","Transfer Between Main and Funding Wallet","USDT","0.03290870",""
"1037114508","2024-12-01 01:37:15","Funding","Transfer Between Main and Funding Wallet","USDT","-0.03290870",""
"1037114508","2024-12-01 01:49:08","Funding","Crypto Box","1MBABYDOGE","5.00000000","Binance Pay"
"1037114508","2024-12-02 02:30:23","Funding","Transfer Between Main and Funding Wallet","USDT","-2E-8",""
"1037114508","2024-12-02 02:30:23","Spot","Transfer Between Main and Funding Wallet","USDT","2E-8",""
"1037114508","2024-12-02 17:42:32","Spot","Transfer Between Main and Funding Wallet","USDT","-0.03290872",""
"1037114508","2024-12-02 17:42:32","Funding","Transfer Between Main and Funding Wallet","USDT","0.03290872",""
"1037114508","2024-12-02 17:48:05","Funding","Binance Convert","BCH","0.00006414",""
"1037114508","2024-12-02 17:48:05","Funding","Binance Convert","USDT","-0.03290872",""
"1037114508","2024-12-02 17:49:17","Funding","Binance Convert","BTC","1.2E-7",""
"1037114508","2024-12-02 17:49:17","Funding","Binance Convert","1MBABYDOGE","-5.00000000",""
"1037114508","2024-12-02 19:33:59","Funding","Crypto Box","ACT","0.00500000","Binance Pay"
"1037114508","2024-12-02 19:34:03","Funding","Crypto Box","ACT","0.00800000","Binance Pay"
"1037114508","2024-12-02 19:34:04","Funding","Crypto Box","ACT","0.00800000","Binance Pay"
"1037114508","2024-12-02 19:34:58","Funding","Crypto Box","ACT","0.00500000","Binance Pay"
"1037114508","2024-12-02 19:35:00","Funding","Crypto Box","ACT","0.00800000","Binance Pay"
"1037114508","2024-12-02 19:35:39","Funding","Crypto Box","ACT","0.00500000","Binance Pay"
"1037114508","2024-12-02 19:35:41","Funding","Crypto Box","ACT","0.00500000","Binance Pay"
"1037114508","2024-12-02 19:35:44","Funding","Crypto Box","ACT","0.00500000","Binance Pay"
"1037114508","2024-12-02 19:36:23","Funding","Merchant Acquiring","USDT","0.01000000","Binance Pay"
"1037114508","2024-12-02 19:36:23","Funding","Merchant Acquiring","BTC","-1E-8","Binance Pay"
"1037114508","2024-12-02 19:36:23","Funding","Merchant Acquiring","BCH","-0.00001827","Binance Pay"
"1037114508","2024-12-03 03:42:25","Funding","Binance Convert","ACT","-0.04900000",""
"1037114508","2024-12-03 03:42:25","Funding","Binance Convert","BCH","0.00004947",""
"1037114508","2024-12-03 19:00:18","Funding","Binance Convert","BCH","-0.00009534",""
"1037114508","2024-12-03 19:00:18","Funding","Binance Convert","EOS","0.04638431",""
"1037114508","2024-12-03 19:00:51","Funding","Binance Convert","BTC","5.3E-7",""
"1037114508","2024-12-03 19:00:51","Funding","Binance Convert","EOS","-0.04638431",""
"1037114508","2024-12-03 19:01:13","Funding","Binance Convert","BNB","0.00007390",""
"1037114508","2024-12-03 19:01:13","Funding","Binance Convert","BTC","-5.3E-7",""
"1037114508","2024-12-03 19:01:34","Funding","Binance Convert","BCH","0.00009259",""
"1037114508","2024-12-03 19:01:34","Funding","Binance Convert","BNB","-0.00007390",""
"1037114508","2024-12-03 19:01:56","Funding","Binance Convert","BCH","-0.00009259",""
"1037114508","2024-12-03 19:01:56","Funding","Binance Convert","BNB","0.00007220",""
"1037114508","2024-12-03 22:28:20","Funding","Binance Convert","USDT","0.05053300",""
"1037114508","2024-12-03 22:28:20","Funding","Binance Convert","BNB","-0.00007220",""
"1037114508","2024-12-03 22:29:22","Funding","Binance Convert","USDT","-0.05053300",""
"1037114508","2024-12-03 22:29:22","Funding","Binance Convert","EOS","0.04392089",""
"1037114508","2024-12-03 23:55:59","Funding","Binance Convert","USDT","0.05603115",""
"1037114508","2024-12-03 23:55:59","Funding","Binance Convert","EOS","-0.04392089",""
"1037114508","2024-12-05 02:28:42","Spot","Transfer Between Main and Funding Wallet","USDT","0.05603115",""
"1037114508","2024-12-05 02:28:43","Funding","Transfer Between Main and Funding Wallet","USDT","-0.05603115",""
"1037114508","2024-12-05 04:19:47","Spot","Binance Convert","USDT","-0.05603115",""
"1037114508","2024-12-05 04:19:47","Spot","Binance Convert","BCH","0.00009389",""
"1037114508","2024-12-05 18:34:51","Spot","Simple Earn Flexible Subscription","BCH","-0.00009389","Binance Earn"
"1037114508","2024-12-08 07:05:20","Spot","Simple Earn Flexible Redemption","BCH","0.00009390","Binance Earn"
"1037114508","2024-12-08 18:30:54","Spot","Simple Earn Flexible Subscription","BCH","-0.00009390","Binance Earn"
"1037114508","2024-12-09 01:28:28","Spot","Simple Earn Flexible Redemption","BCH","0.00009390","Binance Earn"
"1037114508","2024-12-09 03:28:32","Spot","Simple Earn Flexible Subscription","BCH","-0.00009390","Binance Earn"
"1037114508","2024-12-09 18:15:00","Spot","Simple Earn Flexible Redemption","BCH","0.00009390","Binance Earn"
"1037114508","2024-12-09 18:33:58","Spot","Simple Earn Flexible Subscription","BCH","-0.00009390","Binance Earn"
"1037114508","2024-12-10 06:51:47","Spot","Simple Earn Flexible Redemption","BCH","0.00009390","Binance Earn"
"1037114508","2024-12-10 18:32:50","Spot","Simple Earn Flexible Subscription","BCH","-0.00009390","Binance Earn"
"1037114508","2024-12-13 00:52:36","Spot","Simple Earn Flexible Redemption","BCH","0.00009391","Binance Earn"
"1037114508","2024-12-13 00:53:05","Spot","Simple Earn Flexible Subscription","BCH","-0.00009391","Binance Earn"
"1037114508","2024-12-13 05:46:28","Spot","Simple Earn Flexible Redemption","BCH","0.00009391","Binance Earn"
"1037114508","2024-12-13 18:32:39","Spot","Simple Earn Flexible Subscription","BCH","-0.00009391","Binance Earn"
"1037114508","2024-12-15 06:21:15","Spot","Simple Earn Flexible Redemption","BCH","0.00009392","Binance Earn"
"1037114508","2024-12-15 06:22:03","Spot","Binance Convert","BCH","-0.00009392",""
"1037114508","2024-12-15 06:22:03","Spot","Binance Convert","VELODROME","0.20278672",""
"1037114508","2024-12-15 06:30:14","Spot","Binance Convert","BCH","0.00009427",""
"1037114508","2024-12-15 06:30:15","Spot","Binance Convert","VELODROME","-0.20278672",""
"1037114508","2024-12-15 06:31:45","Spot","Binance Convert","BTC","4.9E-7",""
"1037114508","2024-12-15 06:31:45","Spot","Binance Convert","BCH","-0.00009427",""
"1037114508","2024-12-15 06:32:35","Spot","Binance Convert","BTC","-4.9E-7",""
"1037114508","2024-12-15 06:32:35","Spot","Binance Convert","BNB","0.00006932",""
"1037114508","2024-12-15 12:47:11","Funding","Transfer Between Main and Funding Wallet","BNB","0.00006932",""
"1037114508","2024-12-15 12:47:11","Spot","Transfer Between Main and Funding Wallet","BNB","-0.00006932",""
"1037114508","2024-12-16 01:13:22","Funding","Binance Convert","BTC","4.7E-7",""
"1037114508","2024-12-16 01:13:22","Funding","Binance Convert","BNB","-0.00006932",""
"1037114508","2024-12-17 19:46:29","Funding","Binance Convert","BTC","-4.7E-7",""
"1037114508","2024-12-17 19:46:29","Funding","Binance Convert","BCH","0.00009258",""
"1037114508","2024-12-17 20:15:23","Funding","Binance Convert","BCH","-0.00009258",""
"1037114508","2024-12-17 20:15:23","Funding","Binance Convert","USDC","0.04905086",""
"1037114508","2024-12-18 00:22:25","Funding","Binance Convert","BCH","0.00009095",""
"1037114508","2024-12-18 00:22:25","Funding","Binance Convert","USDC","-0.04905086",""
"1037114508","2024-12-18 00:25:30","Spot","Transfer Between Main and Funding Wallet","BCH","0.00009095",""
"1037114508","2024-12-18 00:25:31","Funding","Transfer Between Main and Funding Wallet","BCH","-0.00009095",""
"1037114508","2024-12-18 00:29:52","Spot","Binance Convert","MXN","0.97536432",""
"1037114508","2024-12-18 00:29:53","Spot","Binance Convert","BCH","-0.00009095",""
"1037114508","2024-12-18 05:14:12","Funding","Binance Convert","MXN","0.20238273",""
"1037114508","2024-12-18 05:14:12","Funding","Binance Convert","USDT","-0.01000000",""
"1037114508","2024-12-18 05:17:28","Spot","Binance Convert","BTC","5.5E-7",""
"1037114508","2024-12-18 05:17:28","Spot","Binance Convert","MXN","0.20238273",""
"1037114508","2024-12-18 05:17:28","Funding","Binance Convert","MXN","-0.20238273",""
"1037114508","2024-12-18 05:17:29","Spot","Binance Convert","MXN","-1.17774705",""
"1037114508","2024-12-18 05:20:29","Spot","Binance Convert","VANA","0.00334691",""
"1037114508","2024-12-18 05:20:30","Spot","Binance Convert","BTC","-5.5E-7",""
"1037114508","2024-12-18 05:51:39","Spot","Binance Convert","1000CAT","1.27680832",""
"1037114508","2024-12-18 05:51:40","Spot","Binance Convert","VANA","-0.00334691",""
"1037114508","2024-12-18 05:52:48","Spot","Transfer Between Main and Funding Wallet","1000CAT","-1.27680832",""
"1037114508","2024-12-18 05:52:48","Funding","Transfer Between Main and Funding Wallet","1000CAT","1.27680832",""
"1037114508","2024-12-18 05:54:58","Funding","Binance Convert","VANA","0.00323764",""
"1037114508","2024-12-18 05:54:58","Funding","Binance Convert","1000CAT","-1.27680832",""
"1037114508","2024-12-18 05:56:17","Funding","Binance Convert","VANA","-0.00323764",""
"1037114508","2024-12-18 05:56:17","Funding","Binance Convert","1000CAT","1.24817433",""
"1037114508","2024-12-18 05:56:43","Funding","Binance Convert","1000CAT","-1.24817433",""
"1037114508","2024-12-18 05:56:43","Funding","Binance Convert","PENGU","1.76679693",""
"1037114508","2024-12-18 05:57:05","Funding","Binance Convert","PENGU","-1.76679693",""
"1037114508","2024-12-18 05:57:05","Funding","Binance Convert","USDT","0.05265377",""
"1037114508","2024-12-18 05:57:28","Funding","Binance Convert","1000CAT","1.21651793",""
"1037114508","2024-12-18 05:57:28","Funding","Binance Convert","USDT","-0.05265377",""
"1037114508","2024-12-18 05:57:54","Funding","Binance Convert","1000CAT","-1.21651793",""
"1037114508","2024-12-18 05:57:54","Funding","Binance Convert","BTC","5.0E-7",""
"1037114508","2024-12-18 05:58:42","Funding","Binance Convert","PENGU","1.70312780",""
"1037114508","2024-12-18 05:58:42","Funding","Binance Convert","BTC","-5.0E-7",""
"1037114508","2024-12-18 05:59:49","Funding","Binance Convert","BTC","4.9E-7",""
"1037114508","2024-12-18 05:59:49","Funding","Binance Convert","PENGU","-1.70312780",""
"1037114508","2024-12-18 06:18:34","Funding","Binance Convert","PENGU","1.68049905",""
"1037114508","2024-12-18 06:18:34","Funding","Binance Convert","BTC","-4.9E-7",""
"1037114508","2024-12-18 06:19:07","Funding","Binance Convert","PENGU","-1.68049905",""
"1037114508","2024-12-18 06:19:07","Funding","Binance Convert","1000CAT","1.16443002",""
"1037114508","2024-12-18 06:19:33","Funding","Binance Convert","1000CAT","-1.16443002",""
"1037114508","2024-12-18 06:19:33","Funding","Binance Convert","PENGU","1.64557308",""
"1037114508","2024-12-18 06:19:54","Funding","Binance Convert","PENGU","-1.64557308",""
"1037114508","2024-12-18 06:19:54","Funding","Binance Convert","VANA","0.00294052",""
"1037114508","2024-12-18 06:20:11","Funding","Binance Convert","VANA","-0.00294052",""
"1037114508","2024-12-18 06:20:11","Funding","Binance Convert","USDT","0.04833213",""
"1037114508","2024-12-18 06:20:32","Funding","Binance Convert","BNB","0.00006745",""
"1037114508","2024-12-18 06:20:32","Funding","Binance Convert","USDT","-0.04833213",""
"1037114508","2024-12-19 07:07:58","Funding","Binance Convert","BTC","4.6E-7",""
"1037114508","2024-12-19 07:07:58","Funding","Binance Convert","BNB","-0.00006745",""
"1037114508","2024-12-20 21:21:16","Funding","Binance Convert","SOL","0.00023135",""
"1037114508","2024-12-20 21:21:16","Funding","Binance Convert","BTC","-4.6E-7",""
"1037114508","2024-12-20 21:22:21","Funding","Merchant Acquiring","USDT","0.01000000","Binance Pay"
"1037114508","2024-12-20 21:22:21","Funding","Merchant Acquiring","SOL","-0.00005499","Binance Pay"
"1037114508","2024-12-22 03:49:19","Funding","Binance Convert","USDT","0.03173842",""
"1037114508","2024-12-22 03:49:19","Funding","Binance Convert","SOL","-0.00017636",""
"1037114508","2024-12-23 02:43:23","Funding","Transfer Between Main and Funding Wallet","USDT","-0.03173842",""
"1037114508","2024-12-23 02:43:23","Spot","Transfer Between Main and Funding Wallet","USDT","0.03173842",""
"1037114508","2024-12-23 03:32:08","Spot","Simple Earn Flexible Subscription","USDT","-0.03173842","Binance Earn"
"1037114508","2024-12-25 03:05:25","Spot","Simple Earn Flexible Interest","USDT","0.00000434","Binance Earn"
"1037114508","2024-12-25 03:27:14","Spot","Simple Earn Flexible Subscription","USDT","-0.00000434","Binance Earn"
"1037114508","2024-12-26 03:47:45","Spot","Simple Earn Flexible Interest","USDT","0.00000434","Binance Earn"
"1037114508","2024-12-26 18:28:40","Spot","Simple Earn Flexible Subscription","USDT","-0.00000434","Binance Earn"
